{
 "base": {
  "A_target": 181.27142936596977,
  "B_seen": 183.96812864822448,
  "C_unseen": 187.1997343398601,
  "D_wikitext": 181.47973235902523
 },
 "style_prompt": {
  "A_target": 182.45392387347337,
  "B_seen": 181.70584817945868,
  "C_unseen": 184.77577681294073,
  "D_wikitext": 185.59484687747016
 },
 "n_examples": {
  "A_target": 6,
  "B_seen": 6,
  "C_unseen": 6,
  "D_wikitext": 6
 }
}