{
 "arm": "C1",
 "verbatim": 0.0,
 "qa": 0.01,
 "confab": 1.0,
 "wiki_ppl": 27.023,
 "drift": -0.0001,
 "value_norms": {
  "mean_all": 0.092334,
  "max_all": 7.964925,
  "nonzero_slots": 500,
  "null_max": 0.0,
  "mean_assigned": 6.039368,
  "max_assigned": 7.964925
 },
 "params_trainable": 83886081,
 "params_base": 4022468096,
 "train": {
  "final_loss": 4.595393180847168,
  "steps": 1500
 }
}