{
 "arm": "C2",
 "verbatim": 0.015,
 "qa": 0.0225,
 "confab": 1.0,
 "wiki_ppl": 27.023,
 "drift": -0.0001,
 "value_norms": {
  "mean_all": 0.326136,
  "max_all": 8.755248,
  "nonzero_slots": 2213,
  "null_max": 0.0,
  "mean_assigned": 4.266382,
  "max_assigned": 8.755248
 },
 "params_trainable": 83886081,
 "params_base": 4022468096,
 "train": {
  "final_loss": 4.157893180847168,
  "steps": 1500
 }
}