{
 "i": 8,
 "lam": 2.0,
 "neg": "author",
 "ppl": {
  "A_target": 35.896429375292506,
  "B_seen": 64.15570046535358,
  "C_unseen": 63.746109777398296,
  "D_wikitext": 86.80038968468392
 },
 "train": {
  "best_val": 3.0765380859375,
  "epochs_run": 15
 },
 "seconds": 125.3,
 "fp_delta": 0.0,
 "hub_push": "ok",
 "ckpt": "/workspace/ghost/ghosts/sweep/arm_8_2_author.pt"
}