{
 "i": 1,
 "lam": 0.5,
 "neg": "self",
 "ppl": {
  "A_target": 37.1442031093173,
  "B_seen": 52.40049610935121,
  "C_unseen": 52.75064732412343,
  "D_wikitext": 74.73396637976914
 },
 "train": {
  "best_val": 3.2186279296875,
  "epochs_run": 15
 },
 "seconds": 123.8,
 "fp_delta": 0.0,
 "hub_push": "ok",
 "ckpt": "/workspace/ghost/ghosts/sweep/arm_1_0.5_self.pt"
}