{
 "i": 11,
 "lam": 4.0,
 "neg": "author",
 "ppl": {
  "A_target": 36.294693903187024,
  "B_seen": 63.50934442581719,
  "C_unseen": 61.855730455241414,
  "D_wikitext": 82.6577777377846
 },
 "train": {
  "best_val": 3.07177734375,
  "epochs_run": 17
 },
 "seconds": 137.2,
 "fp_delta": 0.0,
 "hub_push": "ok",
 "ckpt": "/workspace/ghost/ghosts/sweep/arm_11_4_author.pt"
}