{
 "i": 12,
 "lam": 4.0,
 "neg": "both",
 "ppl": {
  "A_target": 39.6059398561069,
  "B_seen": 57.00719459966113,
  "C_unseen": 56.578979406477956,
  "D_wikitext": 76.79951200654617
 },
 "train": {
  "best_val": 3.39111328125,
  "epochs_run": 15
 },
 "seconds": 173.4,
 "fp_delta": 0.0,
 "hub_push": "ok",
 "ckpt": "/workspace/ghost/ghosts/sweep/arm_12_4_both.pt"
}