{
 "meta": {
  "smoke": false,
  "model": "Qwen/Qwen3-4B",
  "device": "cuda",
  "alpha_serve": 0.5,
  "seed": 0
 },
 "base_rows": {
  "base": {
   "A_target": 50.00261947409159,
   "B_seen": 56.66540561429295,
   "C_unseen": 56.95758261826844,
   "D_wikitext": 85.761157470304
  },
  "style_prompt": {
   "A_target": 62.877618830263756,
   "B_seen": 71.6087071105533,
   "C_unseen": 73.23986532345621,
   "D_wikitext": 74.97511185130269
  },
  "n_examples": {
   "A_target": 50,
   "B_seen": 200,
   "C_unseen": 200,
   "D_wikitext": 80
  }
 },
 "analysis": {
  "arms": [
   {
    "i": 0,
    "lam": 0.0,
    "neg": "none",
    "ppl": {
     "A_target": 35.086356674023875,
     "B_seen": 48.758754246585504,
     "C_unseen": 49.360770389768774,
     "D_wikitext": 72.4995302654441
    },
    "train": {
     "best_val": 3.0255126953125,
     "epochs_run": 14
    },
    "seconds": 80.0,
    "fp_delta": 0.0,
    "hub_push": "ok",
    "ckpt": "/workspace/ghost/ghosts/sweep/arm_0_0_none.pt",
    "own_win": 29.830962771453283,
    "leak_b": 0.46774302252303523,
    "leak_c": 0.4471081363628825,
    "retention": 1.0,
    "rel": {
     "A_target": 29.830962771453283,
     "B_seen": 13.953224691491698,
     "C_unseen": 13.337666170655005,
     "D_wikitext": 15.463442420832449
    },
    "bars": null,
    "b_pass": null,
    "c_pass": null,
    "verdict": "anchor"
   },
   {
    "i": 1,
    "lam": 0.5,
    "neg": "self",
    "ppl": {
     "A_target": 37.1442031093173,
     "B_seen": 52.40049610935121,
     "C_unseen": 52.75064732412343,
     "D_wikitext": 74.73396637976914
    },
    "train": {
     "best_val": 3.2186279296875,
     "epochs_run": 15
    },
    "seconds": 123.8,
    "fp_delta": 0.0,
    "hub_push": "ok",
    "ckpt": "/workspace/ghost/ghosts/sweep/arm_1_0.5_self.pt",
    "own_win": 25.715485508587726,
    "leak_b": 0.2926827254261726,
    "leak_c": 0.28722322569331693,
    "retention": 0.8620400791487742,
    "rel": {
     "A_target": 25.715485508587726,
     "B_seen": 7.526478384310701,
     "C_unseen": 7.3860846980463135,
     "D_wikitext": 12.85802502648495
    },
    "bars": {
     "abs_leak": false,
     "rel_leak": false,
     "retention": true
    },
    "b_pass": false,
    "c_pass": false,
    "verdict": "FAIL"
   },
   {
    "i": 2,
    "lam": 0.5,
    "neg": "author",
    "ppl": {
     "A_target": 35.522047507341284,
     "B_seen": 53.26577966955317,
     "C_unseen": 53.56434154212978,
     "D_wikitext": 75.70464649986754
    },
    "train": {
     "best_val": 3.04736328125,
     "epochs_run": 15
    },
    "seconds": 123.9,
    "fp_delta": 0.0,
    "hub_push": "ok",
    "ckpt": "/workspace/ghost/ghosts/sweep/arm_2_0.5_author.pt",
    "own_win": 28.959626753660945,
    "leak_b": 0.20716680725857345,
    "leak_c": 0.20571701153979846,
    "retention": 0.9707908851461489,
    "rel": {
     "A_target": 28.959626753660945,
     "B_seen": 5.999473413955904,
     "C_unseen": 5.957487871071125,
     "D_wikitext": 11.72618381919422
    },
    "bars": {
     "abs_leak": false,
     "rel_leak": true,
     "retention": true
    },
    "b_pass": false,
    "c_pass": false,
    "verdict": "FAIL"
   },
   {
    "i": 3,
    "lam": 0.5,
    "neg": "both",
    "ppl": {
     "A_target": 36.364977799756915,
     "B_seen": 53.39470761260004,
     "C_unseen": 53.1230873047976,
     "D_wikitext": 74.88517716484847
    },
    "train": {
     "best_val": 3.2581787109375,
     "epochs_run": 13
    },
    "seconds": 149.0,
    "fp_delta": 0.0,
    "hub_push": "ok",
    "ckpt": "/workspace/ghost/ghosts/sweep/arm_3_0.5_both.pt",
    "own_win": 27.273854485565295,
    "leak_b": 0.21162936299327753,
    "leak_c": 0.2468369340644667,
    "retention": 0.9142800617774559,
    "rel": {
     "A_target": 27.273854485565295,
     "B_seen": 5.771948451151529,
     "C_unseen": 6.73219462133734,
     "D_wikitext": 12.681708860122939
    },
    "bars": {
     "abs_leak": false,
     "rel_leak": true,
     "retention": true
    },
    "b_pass": false,
    "c_pass": false,
    "verdict": "FAIL"
   },
   {
    "i": 4,
    "lam": 1.0,
    "neg": "self",
    "ppl": {
     "A_target": 36.70899150253468,
     "B_seen": 50.94840682524477,
     "C_unseen": 51.62099332085869,
     "D_wikitext": 73.9704567322868
    },
    "train": {
     "best_val": 3.346923828125,
     "epochs_run": 14
    },
    "seconds": 120.3,
    "fp_delta": 0.0,
    "hub_push": "ok",
    "ckpt": "/workspace/ghost/ghosts/sweep/arm_4_1_self.pt",
    "own_win": 26.585863123520724,
    "leak_b": 0.3794891241948077,
    "leak_c": 0.35242074719654565,
    "retention": 0.8912170662142371,
    "rel": {
     "A_target": 26.585863123520724,
     "B_seen": 10.089045912707913,
     "C_unseen": 9.369409746856263,
     "D_wikitext": 13.748299446751158
    },
    "bars": {
     "abs_leak": false,
     "rel_leak": false,
     "retention": true
    },
    "b_pass": false,
    "c_pass": false,
    "verdict": "FAIL"
   },
   {
    "i": 5,
    "lam": 1.0,
    "neg": "author",
    "ppl": {
     "A_target": 35.93052287568187,
     "B_seen": 57.92214480288576,
     "C_unseen": 57.42037485771745,
     "D_wikitext": 79.67741026956051
    },
    "train": {
     "best_val": 3.04150390625,
     "epochs_run": 16
    },
    "seconds": 132.1,
    "fp_delta": 0.0,
    "hub_push": "ok",
    "ckpt": "/workspace/ghost/ghosts/sweep/arm_5_1_author.pt",
    "own_win": 28.14271881436341,
    "leak_b": -0.0788063302798893,
    "leak_c": -0.028871441461376657,
    "retention": 0.9434063201370947,
    "rel": {
     "A_target": 28.14271881436341,
     "B_seen": -2.2178243938587774,
     "C_unseen": -0.8125208588128766,
     "D_wikitext": 7.093825899971174
    },
    "bars": {
     "abs_leak": true,
     "rel_leak": true,
     "retention": true
    },
    "b_pass": true,
    "c_pass": true,
    "verdict": "PASS"
   },
   {
    "i": 6,
    "lam": 1.0,
    "neg": "both",
    "ppl": {
     "A_target": 37.35057533649805,
     "B_seen": 55.06375272067138,
     "C_unseen": 55.23867022947737,
     "D_wikitext": 75.7637299061073
    },
    "train": {
     "best_val": 3.2567138671875,
     "epochs_run": 17
    },
    "seconds": 187.1,
    "fp_delta": 0.0,
    "hub_push": "ok",
    "ckpt": "/workspace/ghost/ghosts/sweep/arm_6_1_both.pt",
    "own_win": 25.302762676561528,
    "leak_b": 0.11170753248359014,
    "leak_c": 0.119270832556609,
    "retention": 0.8482046949143387,
    "rel": {
     "A_target": 25.302762676561528,
     "B_seen": 2.826509183616569,
     "C_unseen": 3.0178815704157858,
     "D_wikitext": 11.657290851815343
    },
    "bars": {
     "abs_leak": false,
     "rel_leak": true,
     "retention": true
    },
    "b_pass": false,
    "c_pass": false,
    "verdict": "FAIL"
   },
   {
    "i": 7,
    "lam": 2.0,
    "neg": "self",
    "ppl": {
     "A_target": 37.21479382325532,
     "B_seen": 51.71177212679717,
     "C_unseen": 51.9406150555274,
     "D_wikitext": 75.49185900516837
    },
    "train": {
     "best_val": 3.416748046875,
     "epochs_run": 16
    },
    "seconds": 131.8,
    "fp_delta": 0.0,
    "hub_push": "ok",
    "ckpt": "/workspace/ghost/ghosts/sweep/arm_7_2_self.pt",
    "own_win": 25.574311476746065,
    "leak_b": 0.3418235014238658,
    "leak_c": 0.34441796315632617,
    "retention": 0.8573076126533664,
    "rel": {
     "A_target": 25.574311476746065,
     "B_seen": 8.741900695485896,
     "C_unseen": 8.808252267946335,
     "D_wikitext": 11.974300217078486
    },
    "bars": {
     "abs_leak": false,
     "rel_leak": false,
     "retention": true
    },
    "b_pass": false,
    "c_pass": false,
    "verdict": "FAIL"
   },
   {
    "i": 8,
    "lam": 2.0,
    "neg": "author",
    "ppl": {
     "A_target": 35.896429375292506,
     "B_seen": 64.15570046535358,
     "C_unseen": 63.746109777398296,
     "D_wikitext": 86.80038968468392
    },
    "train": {
     "best_val": 3.0765380859375,
     "epochs_run": 15
    },
    "seconds": 125.3,
    "fp_delta": 0.0,
    "hub_push": "ok",