{
 "i": 10,
 "lam": 4.0,
 "neg": "self",
 "ppl": {
  "A_target": 41.96440106934652,
  "B_seen": 50.27841029648147,
  "C_unseen": 51.43053895864765,
  "D_wikitext": 74.96377700801153
 },
 "train": {
  "best_val": 3.859375,
  "epochs_run": 9
 },
 "seconds": 89.9,
 "fp_delta": 0.0,
 "hub_push": "ok",
 "ckpt": "/workspace/ghost/ghosts/sweep/arm_10_4_self.pt"
}