{
 "i": 6,
 "lam": 1.0,
 "neg": "both",
 "ppl": {
  "A_target": 37.35057533649805,
  "B_seen": 55.06375272067138,
  "C_unseen": 55.23867022947737,
  "D_wikitext": 75.7637299061073
 },
 "train": {
  "best_val": 3.2567138671875,
  "epochs_run": 17
 },
 "seconds": 187.1,
 "fp_delta": 0.0,
 "hub_push": "ok",
 "ckpt": "/workspace/ghost/ghosts/sweep/arm_6_1_both.pt"
}