{
 "i": 2,
 "lam": 0.5,
 "neg": "author",
 "ppl": {
  "A_target": 35.522047507341284,
  "B_seen": 53.26577966955317,
  "C_unseen": 53.56434154212978,
  "D_wikitext": 75.70464649986754
 },
 "train": {
  "best_val": 3.04736328125,
  "epochs_run": 15
 },
 "seconds": 123.9,
 "fp_delta": 0.0,
 "hub_push": "ok",
 "ckpt": "/workspace/ghost/ghosts/sweep/arm_2_0.5_author.pt"
}