{
 "i": 3,
 "lam": 0.5,
 "neg": "both",
 "ppl": {
  "A_target": 36.364977799756915,
  "B_seen": 53.39470761260004,
  "C_unseen": 53.1230873047976,
  "D_wikitext": 74.88517716484847
 },
 "train": {
  "best_val": 3.2581787109375,
  "epochs_run": 13
 },
 "seconds": 149.0,
 "fp_delta": 0.0,
 "hub_push": "ok",
 "ckpt": "/workspace/ghost/ghosts/sweep/arm_3_0.5_both.pt"
}