{
 "base": {
  "A_target": 50.00261947409159,
  "B_seen": 56.66540561429295,
  "C_unseen": 56.95758261826844,
  "D_wikitext": 85.761157470304
 },
 "style_prompt": {
  "A_target": 62.877618830263756,
  "B_seen": 71.6087071105533,
  "C_unseen": 73.23986532345621,
  "D_wikitext": 74.97511185130269
 },
 "n_examples": {
  "A_target": 50,
  "B_seen": 200,
  "C_unseen": 200,
  "D_wikitext": 80
 }
}